District,Headquarter,Population,Area,Density,state
Anantapur,Anantapur,"4,083,315","19,130",213,Andhra Pradesh (AP)
Chittoor,Chittoor,"4,170,468","15,152",275,Andhra Pradesh (AP)
East Godavari,Kakinada,"5,151,549","10,807",477,Andhra Pradesh (AP)
Guntur,Guntur,"4,889,230","11,391",429,Andhra Pradesh (AP)
Kadapa,Kadapa,"2,884,524","15,359",188,Andhra Pradesh (AP)
Krishna,Machilipatnam,"4,529,009","8,727",519,Andhra Pradesh (AP)
Kurnool,Kurnool,"4,046,601","17,658",229,Andhra Pradesh (AP)
Prakasam,Ongole,"3,392,764","17,626",192,Andhra Pradesh (AP)
Sri Potti Sriramulu Nellore,Nellore,"2,966,082","13,076",227,Andhra Pradesh (AP)
Srikakulam,Srikakulam,"2,699,471","5,837",462,Andhra Pradesh (AP)
Visakhapatnam,Visakhapatnam,"4,288,113","11,161",384,Andhra Pradesh (AP)
Vizianagaram,Vizianagaram,"2,342,868","6,539",358,Andhra Pradesh (AP)
West Godavari,Eluru,"3,934,782","7,742",508,Andhra Pradesh (AP)
Anjaw,Hawai,"21,089","6,190",3,Arunachal Pradesh (AR)
Changlang,Changlang,"147,951","4,662",32,Arunachal Pradesh (AR)
East Kameng,Seppa,"78,413","4,134",19,Arunachal Pradesh (AR)
East Siang,Pasighat,"99,019","3,603",27,Arunachal Pradesh (AR)
Kamle,Raga,"22,256",200,111,Arunachal Pradesh (AR)
Kra Daadi,Jamin, –, –, –,Arunachal Pradesh (AR)
Kurung Kumey,Koloriang,"89,717","6,040",15,Arunachal Pradesh (AR)
Lepa Rada,Basar, –, –, –,Arunachal Pradesh (AR)
Lohit,Tezu,"145,538","2,402",61,Arunachal Pradesh (AR)
Longding,Longding,"60,000","1,200",50,Arunachal Pradesh (AR)
Lower Dibang Valley,Roing,"53,986","3,900",14,Arunachal Pradesh (AR)
Lower Siang,Likabali,"80,597", –, –,Arunachal Pradesh (AR)
Lower Subansiri,Ziro,"82,839","3,508",24,Arunachal Pradesh (AR)
Namsai,Namsai,"95,950","1,587",60,Arunachal Pradesh (AR)
Pakke-Kessang,Lemmi, –, –, –,Arunachal Pradesh (AR)
Papum Pare,Yupia,"176,385","2,875",61,Arunachal Pradesh (AR)
Shi Yomi,Tato,"13,310","2,875",5,Arunachal Pradesh (AR)
Siang,Pangin,"31,920","2,919",11,Arunachal Pradesh (AR)
Tawang,Tawang Town,"49,950","2,085",24,Arunachal Pradesh (AR)
Tirap,Khonsa,"111,997","2,362",47,Arunachal Pradesh (AR)
Upper Dibang Valley,Anini,"7,948","9,129",1,Arunachal Pradesh (AR)
Upper Siang,Yingkiong,"35,289","6,188",6,Arunachal Pradesh (AR)
Upper Subansiri,Daporijo,"83,205","7,032",12,Arunachal Pradesh (AR)
West Kameng,Bomdila,"87,013","7,422",12,Arunachal Pradesh (AR)
West Siang,Along,"112,272","8,325",align=right,
Baksa,Mushalpur,"953,773","2,008",475,Assam (AS)
Barpeta,Barpeta,"1,693,190","3,245",522,Assam (AS)
Bishwanath,Bishwanath Chariali,"612,491 [Note 1]","1,100",560,Assam (AS)
Bongaigaon,Bongaigaon,"732,639","1,724",425,Assam (AS)
Cachar,Silchar,"1,736,319","3,786",459,Assam (AS)
Charaideo,Sonari, – [Note 2], –, –,Assam (AS)
Chirang,Kajalgaon,"481,818","1,975",244,Assam (AS)
Darrang,Mangaldoi,"908,090","1,849",491,Assam (AS)
Dhemaji,Dhemaji,"688,077","3,237",213,Assam (AS)
Dhubri,Dhubri,"1,948,632","2,838",687,Assam (AS)
Dibrugarh,Dibrugarh,"1,327,748","3,381",393,Assam (AS)
Dima Hasao,Haflong,"213,529","4,888",44,Assam (AS)
Goalpara,Goalpara,"1,008,959","1,824",553,Assam (AS)
Golaghat,Golaghat,"1,058,674","3,502",302,Assam (AS)
Hailakandi,Hailakandi,"659,260","1,327",497,Assam (AS)
Hojai,Hojai,"9,31,218 [Note 3]", –, –,Assam (AS)
Jorhat,Jorhat,"1,091,295","2,851",383,Assam (AS)
Kamrup,Amingaon,"1,517,202","3,480",436,Assam (AS)
Kamrup Metropolitan,Guwahati,"1,260,419",627,"2,010",Assam (AS)
Karbi Anglong,Diphu,"965,280","10,434",93,Assam (AS)
Karimganj,Karimganj,"1,217,002","1,809",673,Assam (AS)
Kokrajhar,Kokrajhar,"886,999","3,129",283,Assam (AS)
Lakhimpur,North Lakhimpur,"1,040,644","2,277",457,Assam (AS)
Majuli,Garamur,"1,67,304 [Note 4]",880,300,Assam (AS)
Morigaon,Marigaon,"957,853","1,704",562,Assam (AS)
Nagaon,Nagaon,"2,826,006","3,831",738,Assam (AS)
Nalbari,Nalbari,"769,919","1,009",763,Assam (AS)
Sivasagar,Sibsagar,"1,150,253","2,668",431,Assam (AS)
South Salmara,Hatsingimari,"555,114 [Note 5]",568,980,Assam (AS)
Sonitpur,Tezpur,"1,925,975","5,324",362,Assam (AS)
Tinsukia,Tinsukia,"1,316,948","3,790",347,Assam (AS)
Udalguri,Udalguri,"832,769","1,676",497,Assam (AS)
West Karbi Anglong,Hamren,"3,00,320 [Note 6]","3,035",99,Assam (AS)
Araria,Araria,"2,806,200","2,829",992,Bihar (BR)
Arwal,Arwal,"700,843",638,"1,098",Bihar (BR)
Aurangabad,Aurangabad,"2,511,243","3,303",760,Bihar (BR)
Banka,Banka,"2,029,339","3,018",672,Bihar (BR)
Begusarai,Begusarai,"2,954,367","1,917","1,540",Bihar (BR)
Bhagalpur,Bhagalpur,"3,032,226","2,569","1,180",Bihar (BR)
Bhojpur,Arrah,"2,720,155","2,473","1,136",Bihar (BR)
Buxar,Buxar,"1,707,643","1,624","1,003",Bihar (BR)
Darbhanga,Darbhanga,"3,921,971","2,278","1,721",Bihar (BR)
East Champaran,Motihari,"5,082,868","3,969","1,281",Bihar (BR)
Gaya,Gaya,"4,379,383","4,978",880,Bihar (BR)
Gopalganj,Gopalganj,"2,558,037","2,033","1,258",Bihar (BR)
Jamui,Jamui,"1,756,078","3,099",567,Bihar (BR)
Jehanabad,Jehanabad,"1,124,176","1,569","1,206",Bihar (BR)
Kaimur,Bhabua,"1,626,900","3,363",488,Bihar (BR)
Katihar,Katihar,"3,068,149","3,056","1,004",Bihar (BR)
Khagaria,Khagaria,"1,657,599","1,486","1,115",Bihar (BR)
Kishanganj,Kishanganj,"1,690,948","1,884",898,Bihar (BR)
Lakhisarai,Lakhisarai,"1,000,717","1,229",815,Bihar (BR)
Madhepura,Madhepura,"1,994,618","1,787","1,116",Bihar (BR)
Madhubani,Madhubani,"4,476,044","3,501","1,279",Bihar (BR)
Munger,Munger,"1,359,054","1,419",958,Bihar (BR)
Muzaffarpur,Muzaffarpur,"4,778,610","3,173","1,506",Bihar (BR)
Nalanda,Bihar Sharif,"2,872,523","2,354","1,220",Bihar (BR)
Nawada,Nawada,"2,216,653","2,492",889,Bihar (BR)
Patna,Patna,"5,772,804","3,202","1,803",Bihar (BR)
Purnia,Purnia,"3,273,127","3,228","1,014",Bihar (BR)
Rohtas,Sasaram,"2,962,593","3,850",763,Bihar (BR)
Saharsa,Saharsa,"1,897,102","1,702","1,125",Bihar (BR)
Samastipur,Samastipur,"4,254,782","2,905","1,465",Bihar (BR)
Saran,Chhapra,"3,943,098","2,641","1,493",Bihar (BR)
Sheikhpura,Sheikhpura,"634,927",689,922,Bihar (BR)
Sheohar,Sheohar,"656,916",443,"1,882",Bihar (BR)
Sitamarhi,Sitamarhi,"3,419,622","2,199","1,491",Bihar (BR)
Siwan,Siwan,"3,318,176","2,219","1,495",Bihar (BR)
Supaul,Supaul,"2,228,397","2,410",919,Bihar (BR)
Vaishali,Hajipur,"3,495,021","2,036","1,717",Bihar (BR)
West Champaran,Bettiah,"3,935,042","5,229",753,Bihar (BR)
Balod,Balod,"8,26,165","3,527",234,Chhattisgarh (CG)
Baloda Bazar,Baloda Bazar,"1,305,343","4,748",275,Chhattisgarh (CG)
Balrampur,Balrampur,"5,98,855","3,806",157,Chhattisgarh (CG)
Bastar,Jagdalpur,"1,302,253","4,030",87,Chhattisgarh (CG)
Bemetara,Bemetara,"1,97,035","2,855",69,Chhattisgarh (CG)
Bijapur,Bijapur,"2,29,832","6,562",35,Chhattisgarh (CG)
Bilaspur,Bilaspur,"1,961,922","5,818",337,Chhattisgarh (CG)
Dantewada,Dantewada,"5,33,638","3,411",59,Chhattisgarh (CG)
Dhamtari,Dhamtari,"7,99,199","2,029",394,Chhattisgarh (CG)
Durg,Durg,"3,343,079","8,542",391,Chhattisgarh (CG)
Gariaband,Gariaband,"5,97,653","5,823",103,Chhattisgarh (CG)
Gaurela-Pendra-Marwahi,Gaurela-Pendra-Marwahi, –,"1,682", –,Chhattisgarh (CG)
Janjgir-Champa,Naila Janjgir,"1,620,632","3,848",421,Chhattisgarh (CG)
Jashpur,Jashpur Nagar,"8,52,043","5,825",146,Chhattisgarh (CG)
Kabirdham,Kawardha,"5,84,667","4,237",195,Chhattisgarh (CG)
Kanker,Kanker,"7,48,593","6,513",115,Chhattisgarh (CG)
Kondagaon,Kondagaon,"5,78,326",7769,74,Chhattisgarh (CG)
Korba,Korba,"1,206,563","6,615",183,Chhattisgarh (CG)
Koriya,Baikunthpur,"6,59,039","6,578",100,Chhattisgarh (CG)
Mahasamund,Mahasamund,"1,032,275","4,779",216,Chhattisgarh (CG)
Mungeli,Mungeli,"7,01,707","2,750",255,Chhattisgarh (CG)
Narayanpur,Narayanpur,"1,40,206","6,640",20,Chhattisgarh (CG)
Raigarh,Raigarh,"1,493,627","7,068",211,Chhattisgarh (CG)
Raipur,Raipur,"4,062,160","13,083",310,Chhattisgarh (CG)
Rajnandgaon,Rajnandgaon,"1,537,520","8,062",191,Chhattisgarh (CG)
Sukma,Sukma,"2,49,000","5,636",49,Chhattisgarh (CG)
Surajpur,Surajpur,"6,60,280","6,787",150,Chhattisgarh (CG)
Surguja,Ambikapur,"4,20,661","3,265",150,Chhattisgarh (CG)
,Chhattisgarh (CG),,,,
,Chhattisgarh (CG),,,,
,Chhattisgarh (CG),,,,
,Chhattisgarh (CG),,,,
,Chhattisgarh (CG),,,,
North Goa,Panaji,"817,761","1,736",471,Goa (GA)
South Goa,Margao,"639,962","1,966",326,Goa (GA)
Ahmedabad,Ahmedabad,"7,208,200","8,707",890,Gujarat (GJ)
Amreli,Amreli,"1,513,614","6,760",205,Gujarat (GJ)
Anand,Anand,"2,090,276","2,942",711,Gujarat (GJ)
Aravalli,Modasa,"1,051,746","3,217",327,Gujarat (GJ)
Banaskantha,Palanpur,"3,116,045","12,703",290,Gujarat (GJ)
Bharuch,Bharuch,"1,550,822","6,524",238,Gujarat (GJ)
Bhavnagar,Bhavnagar,"2,877,961","11,155",288,Gujarat (GJ)
Botad,Botad,"656,005","2,564",256,Gujarat (GJ)
Chhota Udepur,Chhota Udepur,"1,071,831","3,237",331,Gujarat (GJ)
Dahod,Dahod,"2,126,558","3,642",582,Gujarat (GJ)
Dang,Ahwa,"226,769","1,764",129,Gujarat (GJ)
Devbhumi Dwarka,Khambhalia,"752,484","5,684",132,Gujarat (GJ)
Gandhinagar,Gandhinagar,"1,387,478",649,660,Gujarat (GJ)
Gir Somnath,Veraval,"1,217,477","3,754",324,Gujarat (GJ)
Jamnagar,Jamnagar,"2,159,130","14,125",153,Gujarat (GJ)
Junagadh,Junagadh,"2,742,291","8,839",310,Gujarat (GJ)
Kheda,Nadiad,"2,298,934","4,215",541,Gujarat (GJ)
Kutch,Bhuj,"2,090,313","45,652",46,Gujarat (GJ)
Mahisagar,Lunavada,"994,624","2,500",398,Gujarat (GJ)
Mehsana,Mehsana,"2,027,727","4,386",462,Gujarat (GJ)
Morbi,Morbi,"960,329","4,871",197,Gujarat (GJ)
Narmada,Rajpipla,"590,379","2,749",214,Gujarat (GJ)
Navsari,Navsari,"1,330,711","2,211",602,Gujarat (GJ)
Panchmahal,Godhra,"2,388,267","5,219",458,Gujarat (GJ)
Patan,Patan,"1,342,746","5,738",234,Gujarat (GJ)
Porbandar,Porbandar,"586,062","2,294",255,Gujarat (GJ)
Rajkot,Rajkot,"3,157,676","11,203",282,Gujarat (GJ)
Sabarkantha,Himatnagar,"2,427,346","7,390",328,Gujarat (GJ)
Surat,Surat,"4,996,391","4,327",653,Gujarat (GJ)
Surendranagar,Surendranagar,"1,755,873","10,489",167,Gujarat (GJ)
Tapi,Vyara,"806,489","3,435",249,Gujarat (GJ)
Vadodara,Vadodara,"3,639,775","7,794",467,Gujarat (GJ)
Valsad,Valsad,"1,703,068","3,034",561,Gujarat (GJ)
Ambala,Ambala,"1,136,784","1,569",722,Haryana (HR)
Bhiwani,Bhiwani,"1,629,109","5,140",341,Haryana (HR)
Charkhi Dadri,Charkhi Dadri,"5,02,276",1370,367,Haryana (HR)
Faridabad,Faridabad,"1,798,954",783,"2,298",Haryana (HR)
Fatehabad,Fatehabad,"941,522","2,538",371,Haryana (HR)
Gurgaon,Gurgaon,"1,514,085","1,258","1,241",Haryana (HR)
Hissar,Hissar,"1,742,815","3,788",438,Haryana (HR)
Jhajjar,Jhajjar,"956,907","1,868",522,Haryana (HR)
Jind,Jind,"1,332,042","2,702",493,Haryana (HR)
Kaithal,Kaithal,"1,072,861","2,799",467,Haryana (HR)
Karnal,Karnal,"1,506,323","2,471",598,Haryana (HR)
Kurukshetra,Kurukshetra,"964,231","1,530",630,Haryana (HR)
Mahendragarh,Narnaul,"921,680","1,900",485,Haryana (HR)
Nuh,Nuh,"1,089,406","1,765",729,Haryana (HR)
Palwal,Palwal,"1,040,493","1,367",761,Haryana (HR)
Panchkula,Panchkula,"558,890",816,622,Haryana (HR)
Panipat,Panipat,"1,202,811","1,250",949,Haryana (HR)
Rewari,Rewari,"896,129","1,559",562,Haryana (HR)
Rohtak,Rohtak,"1,058,683","1,668",607,Haryana (HR)
Sirsa,Sirsa,"1,295,114","4,276",303,Haryana (HR)
Sonipat,Sonipat,"1,480,080","2,260",697,Haryana (HR)
Yamuna Nagar,Yamuna Nagar,"1,214,162","1,756",687,Haryana (HR)
Bilaspur,Bilaspur,"382,056","1,167",327,Himachal Pradesh (HP)
Chamba,Chamba,"518,844","6,528",80,Himachal Pradesh (HP)
Hamirpur,Hamirpur,"454,293","1,118",406,Himachal Pradesh (HP)
Kangra,Dharamshala,"1,507,223","5,739",263,Himachal Pradesh (HP)
Kinnaur,Reckong Peo,"84,298","6,401",13,Himachal Pradesh (HP)
Kullu,Kullu,"437,474","5,503",79,Himachal Pradesh (HP)
Lahaul and Spiti,Keylong,"31,528","13,835",2,Himachal Pradesh (HP)
Mandi,Mandi,"999,518","3,950",253,Himachal Pradesh (HP)
Shimla,Shimla,"813,384","5,131",159,Himachal Pradesh (HP)
Sirmaur,Nahan,"530,164","2,825",188,Himachal Pradesh (HP)
Solan,Solan,"576,670","1,936",298,Himachal Pradesh (HP)
Una,Una,"521,057","1,540",328,Himachal Pradesh (HP)
Bokaro,Bokaro,"2,061,918","2,861",716,Jharkhand (JH)
Chatra,Chatra,"1,042,304","3,700",275,Jharkhand (JH)
Deoghar,Deoghar,"1,491,879","2,479",602,Jharkhand (JH)
Dhanbad,Dhanbad,"2,682,662","2,075","1,284",Jharkhand (JH)
Dumka,Dumka,"1,321,096","4,404",300,Jharkhand (JH)
East Singhbhum,Jamshedpur,"2,291,032","3,533",648,Jharkhand (JH)
Garhwa,Garhwa,"1,322,387","4,064",327,Jharkhand (JH)
Giridih,Giridih,"2,445,203","4,887",497,Jharkhand (JH)
Godda,Godda,"1,311,382","2,110",622,Jharkhand (JH)
Gumla,Gumla,"1,025,656",5327,193,Jharkhand (JH)
Hazaribag,Hazaribag,"1,734,005","4,302",403,Jharkhand (JH)
Jamtara,Jamtara,"790,207","1,802",439,Jharkhand (JH)
Khunti,Khunti,"530,299","2,467",215,Jharkhand (JH)
Koderma,Koderma,"717,169","1,312",427,Jharkhand (JH)
Latehar,Latehar,"725,673","3,630",200,Jharkhand (JH)
Lohardaga,Lohardaga,"461,738","1,494",310,Jharkhand (JH)
Pakur,Pakur,"899,200","1,805",498,Jharkhand (JH)
Palamu,Daltonganj,"1,936,319","5,082",381,Jharkhand (JH)
Ramgarh,Ramgarh,"949,159","1,212",684,Jharkhand (JH)
Ranchi,Ranchi,"2,912,022","7,974",557,Jharkhand (JH)
Sahibganj,Sahebganj,"1,150,038","1,599",719,Jharkhand (JH)
Seraikela Kharsawan,Seraikela,"1,063,458","2,725",390,Jharkhand (JH)
Simdega,Simdega,"599,813","3,750",160,Jharkhand (JH)
West Singhbhum,Chaibasa,"1,501,619","7,186",209,Jharkhand (JH)
Bagalkot,Bagalkot,"1,890,826","6,583",288,Karnataka (KA)
Ballari,Ballari,"2,532,383","8,439",300,Karnataka (KA)
Belgaum,Belgaum,"4,778,439","13,415",356,Karnataka (KA)
Bangalore Rural,Bangalore,"987,257","2,239",441,Karnataka (KA)
Bangalore Urban,Bangalore,"9,588,910","2,190","4,378",Karnataka (KA)
Bidar,Bidar,"1,700,018","5,448",312,Karnataka (KA)
Chamarajnagar,Chamarajanagar,"1,020,962","5,102",200,Karnataka (KA)
Chikkaballapur,Chikkaballapur,"1,254,377","4,208",298,Karnataka (KA)
Chikkamagaluru,Chikmagalur,"1,137,753","7,201",158,Karnataka (KA)
Chitradurga,Chitradurga,"1,660,378","8,437",197,Karnataka (KA)
Dakshina Kannada,Mangaluru,"2,083,625","4,559",457,Karnataka (KA)
Davanagere,Davangere,"1,946,905","5,926",329,Karnataka (KA)
Dharwad,Dharwad,"1,846,993","4,265",434,Karnataka (KA)
Gadag,Gadag-Betageri,"1,065,235","4,651",229,Karnataka (KA)
Gulbarga,Gulbarga,"2,564,892","10,990",233,Karnataka (KA)
Hassan,Hassan,"1,776,221","6,814",261,Karnataka (KA)
Haveri,Haveri,"1,598,506","4,825",331,Karnataka (KA)
Kodagu,Madikeri,"554,762","4,102",135,Karnataka (KA)
Kolar,Kolar,"1,540,231","4,012",384,Karnataka (KA)
Koppal,Koppal,"1,391,292","5,565",250,Karnataka (KA)
Mandya,Mandya,"1,808,680","4,961",365,Karnataka (KA)
Mysuru,Mysore,"2,994,744","6,854",437,Karnataka (KA)
Raichur,Raichur,"1,924,773","6,839",228,Karnataka (KA)
Ramanagara,Ramanagara,"1,082,739","3,573",303,Karnataka (KA)
Shimoga,Shimoga,"1,755,512","8,495",207,Karnataka (KA)
Tumakuru,Tumakuru,"2,681,449","10,598",253,Karnataka (KA)
Udupi,Udupi,"1,177,908","3,879",304,Karnataka (KA)
Uttara Kannada,Karwar,"1,353,299","10,291",132,Karnataka (KA)
Vijayapura,Vijayapura,"2,175,102","10,517",207,Karnataka (KA)
Yadgir,Yadgir,"1,172,985","5,225",224,Karnataka (KA)
Vijaynagar,Karnataka (KA),,,,
Alappuzha,Alappuzha,"2,121,943","1,415","1,501",Kerala (KL)
Ernakulam,Kakkanad,"3,279,860","3,063","1,069",Kerala (KL)
Idukki,Painavu,"1,107,453","4,356",254,Kerala (KL)
Kannur,Kannur,"2,525,637","2,961",852,Kerala (KL)
Kasaragod,Kasaragod,"1,302,600","1,989",654,Kerala (KL)
Kollam,Kollam,"2,629,703","2,483","1,056",Kerala (KL)
Kottayam,Kottayam,"1,979,384","2,206",896,Kerala (KL)
Kozhikode,Kozhikode,"3,089,543","2,345","1,318",Kerala (KL)
Malappuram,Malappuram,"4,110,956","3,554","1,058",Kerala (KL)
Palakkad,Palakkad,"2,810,892","4,482",627,Kerala (KL)
Pathanamthitta,Pathanamthitta,"1,195,537","2,652",453,Kerala (KL)
Thrissur,Thrissur,"3,110,327","3,027","1,026",Kerala (KL)
Thiruvananthapuram,Thiruvananthapuram,"3,307,284","2,189","1,509",Kerala (KL)
Wayanad,Kalpetta,"816,558","2,130",383,Kerala (KL)
Agar Malwa,Agar, –,"2,785", –,Madhya Pradesh (MP)
Alirajpur,Alirajpur,"728,677","3,182",229,Madhya Pradesh (MP)
Anuppur,Anuppur,"749,521","3,747",200,Madhya Pradesh (MP)
Ashok Nagar,Ashok Nagar,"844,979","4,674",181,Madhya Pradesh (MP)
Balaghat,Balaghat,"1,701,156","9,229",184,Madhya Pradesh (MP)
Barwani,Barwani,"1,385,659","5,432",256,Madhya Pradesh (MP)
Betul,Betul,"1,575,247","10,043",157,Madhya Pradesh (MP)
Bhind,Bhind,"1,703,562","4,459",382,Madhya Pradesh (MP)
Bhopal,Bhopal,"2,368,145","2,772",854,Madhya Pradesh (MP)
Burhanpur,Burhanpur,"756,993","3,427",221,Madhya Pradesh (MP)
Chachaura-Binaganj,Chachaura, –, –, –,Madhya Pradesh (MP)
Chhatarpur,Chhatarpur,"1,762,857","8,687",203,Madhya Pradesh (MP)
Chhindwara,Chhindwara,"2,090,306","11,815",177,Madhya Pradesh (MP)
Damoh,Damoh,"1,263,703","7,306",173,Madhya Pradesh (MP)
Datia,Datia,"786,375","2,694",292,Madhya Pradesh (MP)
Dewas,Dewas,"1,563,107","7,020",223,Madhya Pradesh (MP)
Dhar,Dhar,"2,184,672","8,153",268,Madhya Pradesh (MP)
Dindori,Dindori,"704,218","7,427",94,Madhya Pradesh (MP)
Guna,Guna,"1,240,938","6,485",194,Madhya Pradesh (MP)
Gwalior,Gwalior,"2,030,543","5,465",445,Madhya Pradesh (MP)
Harda,Harda,"570,302","3,339",171,Madhya Pradesh (MP)
Hoshangabad,Hoshangabad,"1,240,975","6,698",185,Madhya Pradesh (MP)
Indore,Indore,"3,272,335","3,898",839,Madhya Pradesh (MP)
Jabalpur,Jabalpur,"2,460,714","5,210",472,Madhya Pradesh (MP)
Jhabua,Jhabua,"1,024,091","6,782",285,Madhya Pradesh (MP)
Katni,Katni,"1,291,684","4,947",261,Madhya Pradesh (MP)
Khandwa (East Nimar),Khandwa,"1,309,443","7,349",178,Madhya Pradesh (MP)
Khargone (West Nimar),Khargone,"1,872,413","8,010",233,Madhya Pradesh (MP)
Maihar,Maihar, –, –, –,Madhya Pradesh (MP)
Mandla,Mandla,"1,053,522","5,805",182,Madhya Pradesh (MP)
Mandsaur,Mandsaur,"1,339,832","5,530",242,Madhya Pradesh (MP)
Morena,Morena,"1,965,137","4,991",394,Madhya Pradesh (MP)
Narsinghpur,Narsinghpur,"1,092,141","5,133",213,Madhya Pradesh (MP)
Nagda,Nagda, –, –, –,Madhya Pradesh (MP)
Neemuch,Neemuch,"825,958","4,267",194,Madhya Pradesh (MP)
Niwari,Niwari, –, –, –,Madhya Pradesh (MP)
Panna,Panna,"1,016,028","7,135",142,Madhya Pradesh (MP)
Raisen,Raisen,"1,331,699","8,466",157,Madhya Pradesh (MP)
Rajgarh,Rajgarh,"1,546,541","6,143",251,Madhya Pradesh (MP)
Ratlam,Ratlam,"1,454,483","4,861",299,Madhya Pradesh (MP)
Rewa,Rewa,"2,363,744","6,314",374,Madhya Pradesh (MP)
Sagar,Sagar,"2,378,295","10,252",272,Madhya Pradesh (MP)
Satna,Satna,"2,228,619","7,502",297,Madhya Pradesh (MP)
Sehore,Sehore,"1,311,008","6,578",199,Madhya Pradesh (MP)
Seoni,Seoni,"1,378,876","8,758",157,Madhya Pradesh (MP)
Shahdol,Shahdol,"1,064,989","6,205",172,Madhya Pradesh (MP)
Shajapur,Shajapur,"1,512,353","6,196",244,Madhya Pradesh (MP)
Sheopur,Sheopur,"687,952","6,585",104,Madhya Pradesh (MP)
Shivpuri,Shivpuri,"1,725,818","10,290",168,Madhya Pradesh (MP)
Sidhi,Sidhi,"1,126,515","10,520",232,Madhya Pradesh (MP)
Singrauli,Waidhan,"1,178,132","5,672",208,Madhya Pradesh (MP)
Tikamgarh,Tikamgarh,"1,444,920","5,055",286,Madhya Pradesh (MP)
Ujjain,Ujjain,"1,986,864","6,091",356,Madhya Pradesh (MP)
Umaria,Umaria,"643,579","4,062",158,Madhya Pradesh (MP)
Vidisha,Vidisha,"1,458,212","7,362",198,Madhya Pradesh (MP)
,Madhya Pradesh (MP),,,,
Ahmednagar,Ahmednagar,"4,543,083","17,048",266,Maharashtra (MH)
Akola,Akola,"1,818,617","5,429",321,Maharashtra (MH)
Amravati,Amravati,"2,887,826","12,235",237,Maharashtra (MH)
Aurangabad,Aurangabad,"3,695,928","10,107",365,Maharashtra (MH)
Beed,Beed,"2,585,962","10,693",242,Maharashtra (MH)
Bhandara,Bhandara,"1,198,810","3,890",293,Maharashtra (MH)
Buldhana,Buldhana,"2,588,039","9,661",268,Maharashtra (MH)
Chandrapur,Chandrapur,"2,194,262","11,443",192,Maharashtra (MH)
Dhule,Dhule,"2,048,781","8,095",285,Maharashtra (MH)
Gadchiroli,Gadchiroli,"1,071,795","14,412",74,Maharashtra (MH)
Gondia,Gondia,"1,322,331","5,431",253,Maharashtra (MH)
Hingoli,Hingoli,"1,178,973","4,526",244,Maharashtra (MH)
Jalgaon,Jalgaon,"4,224,442","11,765",359,Maharashtra (MH)
Jalna,Jalna,"1,958,483","7,718",255,Maharashtra (MH)
Kolhapur,Kolhapur,"3,874,015","7,685",504,Maharashtra (MH)
Latur,Latur,"2,455,543","7,157",343,Maharashtra (MH)
Mumbai City,Mumbai,"3,145,966",69,"20,038",Maharashtra (MH)
Mumbai suburban,Bandra (East),"9,332,481",369,"20,925",Maharashtra (MH)
Nanded,Nanded,"3,356,566","10,528",319,Maharashtra (MH)
Nandurbar,Nandurbar,"1,646,177","5,055",276,Maharashtra (MH)
Nagpur,Nagpur,"4,653,171","9,892",470,Maharashtra (MH)
Nashik,Nashik,"6,109,052","15,539",393,Maharashtra (MH)
Osmanabad,Osmanabad,"1,660,311","7,569",219,Maharashtra (MH)
Palghar,Palghar,"2,990,116","5,344",560,Maharashtra (MH)
Parbhani,Parbhani,"1,835,982","6,511",295,Maharashtra (MH)
Pune,Pune,"9,426,959","15,643",603,Maharashtra (MH)
Raigad,Alibag,"2,635,394","7,152",368,Maharashtra (MH)
Ratnagiri,Ratnagiri,"1,612,672","8,208",196,Maharashtra (MH)
Sangli,Sangli,"2,820,575","8,572",329,Maharashtra (MH)
Satara,Satara,"3,003,922","10,475",287,Maharashtra (MH)
Sindhudurg,Oros,"848,868","5,207",163,Maharashtra (MH)
Solapur,Solapur,"4,315,527","14,895",290,Maharashtra (MH)
Thane,Thane,"11,060,148","4,214","1,157",Maharashtra (MH)
Wardha,Wardha,"1,296,157","6,309",205,Maharashtra (MH)
Washim,Washim,"1,196,714","5,155",244,Maharashtra (MH)
Yavatmal,Yavatmal,"2,775,457","13,582",204,Maharashtra (MH)
Bishnupur,Bishnupur,"240,363",496,415,Manipur (MN)
Chandel,Chandel,"144,028","3,317",37,Manipur (MN)
Churachandpur,Churachandpur,"271,274","4,574",50,Manipur (MN)
Imphal East,Porompat,"452,661",710,555,Manipur (MN)
Imphal West,Lamphelpat,"514,683",519,847,Manipur (MN)
Jiribam,Jiribam,"43,818",232,190,Manipur (MN)
Kakching,Kakching,"135,481", –, –,Manipur (MN)
Kamjong,Kamjong,"45,616","2,000",23,Manipur (MN)
Kangpokpi,Kangpokpi, –, –, –,Manipur (MN)
Noney,Noney (Longmai), –, –, –,Manipur (MN)
Pherzawl,Pherzawl,"47,250","2,285",21,Manipur (MN)
Senapati,Senapati,"354,772","3,269",116,Manipur (MN)
Tamenglong,Tamenglong,"140,143","4,391",25,Manipur (MN)
Tengnoupal,Tengnoupal, –, –, –,Manipur (MN)
Thoubal,Thoubal,"420,517",514,713,Manipur (MN)
Ukhrul,Ukhrul,"183,115","4,547",31,Manipur (MN)
East Garo Hills,Williamnagar,"317,618","2,603",121,Meghalaya (ML)
East Khasi Hills,Shillong,"824,059","2,752",292,Meghalaya (ML)
East Jaintia Hills,Khliehriat,"122,436","2,115",58,Meghalaya (ML)
North Garo Hills,Resubelpara,"118,325","1,113",106,Meghalaya (ML)
Ri Bhoi,Nongpoh,"258,380","2,378",109,Meghalaya (ML)
South Garo Hills,Baghmara,"142,574","1,850",77,Meghalaya (ML)
South West Garo Hills,Ampati,"172,495",822,210,Meghalaya (ML)
South West Khasi Hills,Mawkyrwat,"110,152","1,341",82,Meghalaya (ML)
West Jaintia Hills,Jowai,"270,352","1,693",160,Meghalaya (ML)
West Garo Hills,Tura,"642,923","3,714",173,Meghalaya (ML)
West Khasi Hills,Nongstoin,"385,601","5,247",73,Meghalaya (ML)
,Meghalaya (ML),,,,
Aizawl,Aizawl,"404,054","3,577",113,Mizoram (MZ)
Champhai,Champhai,"125,370","3,168",39,Mizoram (MZ)
Kolasib,Kolasib,"83,054","1,386",60,Mizoram (MZ)
Lawngtlai,Lawngtlai,"117,444","2,519",46,Mizoram (MZ)
Lunglei,Lunglei,"154,094","4,572",34,Mizoram (MZ)
Mamit,Mamit,"85,757","2,967",28,Mizoram (MZ)
Saiha,Saiha,"56,366","1,414",40,Mizoram (MZ)
Serchhip,Serchhip,"64,875","1,424",46,Mizoram (MZ)
Dimapur,Dimapur,"379,769",926,410,Nagaland (NL)
Kiphire,Kiphire,"74,033","1,255",66,Nagaland (NL)
Kohima,Kohima,"270,063","1,041",213,Nagaland (NL)
Longleng,Longleng,"50,593",885,89,Nagaland (NL)
Mokokchung,Mokokchung,"193,171","1,615",120,Nagaland (NL)
Mon,Mon,"259,604","1,786",145,Nagaland (NL)
Noklak,Noklak,"59,300","1,152",51,Nagaland (NL)
Peren,Peren,"163,294","2,300",55,Nagaland (NL)
Phek,Phek,"163,294","2,026",81,Nagaland (NL)
Tuensang,Tuensang,"414,801","4,228",98,Nagaland (NL)
Wokha,Wokha,"166,239","1,628",120,Nagaland (NL)
Zunheboto,Zunheboto,"141,014","1,255",112,Nagaland (NL)
Angul,Angul,"1,271,703","6,347",199,Odisha (OD)
Boudh (Bauda),Boudh,"439,917","4,289",142,Odisha (OD)
Bhadrak,Bhadrak,"1,506,522","2,788",601,Odisha (OD)
Balangir,Balangir,"1,648,574","6,552",251,Odisha (OD)
Bargarh (Baragarh),Bargarh,"1,478,833","5,832",253,Odisha (OD)
Balasore,Balasore,"2,317,419","3,706",609,Odisha (OD)
Cuttack,Cuttack,"2,618,708","3,915",666,Odisha (OD)
Debagarh (Deogarh),Debagarh,"312,164","2,781",106,Odisha (OD)
Dhenkanal,Dhenkanal,"1,192,948","4,597",268,Odisha (OD)
Ganjam,Chhatrapur,"3,520,151","8,033",429,Odisha (OD)
Gajapati,Paralakhemundi,"575,880","3,056",133,Odisha (OD)
Jharsuguda,Jharsuguda,"579,499","2,202",274,Odisha (OD)
Jajpur,Panikoili,"1,826,275","2,885",630,Odisha (OD)
Jagatsinghpur,Jagatsinghpur,"1,136,604","1,759",681,Odisha (OD)
Khordha,Khordha,"2,246,341","2,888",799,Odisha (OD)
Kendujhar (Keonjhar),Kendujhar,"1,802,777","8,336",217,Odisha (OD)
Kalahandi,Bhawanipatna,"1,573,054","8,197",199,Odisha (OD)
Kandhamal,Phulbani,"731,952","6,004",91,Odisha (OD)
Koraput,Koraput,"1,376,934","8,534",156,Odisha (OD)
Kendrapara,Kendrapara,"1,439,891","2,546",545,Odisha (OD)
Malkangiri,Malkangiri,"612,727","6,115",106,Odisha (OD)
Mayurbhanj,Baripada,"2,513,895","10,418",241,Odisha (OD)
Nabarangpur,Nabarangpur,"1,218,762","5,135",230,Odisha (OD)
Nuapada,Nuapada,"606,490","3,408",157,Odisha (OD)
Nayagarh,Nayagarh,"962,215","3,954",247,Odisha (OD)
Puri,Puri,"1,697,983","3,055",488,Odisha (OD)
Rayagada,Rayagada,"961,959","7,585",136,Odisha (OD)
Sambalpur,Sambalpur,"1,044,410","6,702",158,Odisha (OD)
Subarnapur (Sonepur),Subarnapur,"652,107","2,284",279,Odisha (OD)
Sundargarh,Sundargarh,"2,080,664","9,942",214,Odisha (OD)
Amritsar,Amritsar,"2,490,891","2,673",932,Punjab (PB)
Barnala,Barnala,"596,294","1,423",419,Punjab (PB)
Bathinda,Bathinda,"1,388,859","3,355",414,Punjab (PB)
Firozpur,Firozpur,"2,026,831","5,334",380,Punjab (PB)
Faridkot,Faridkot,"618,008","1,472",424,Punjab (PB)
Fatehgarh Sahib,Fatehgarh Sahib,"599,814","1,180",508,Punjab (PB)
Fazilka[7],Fazilka,"1,180,483",3113,379,Punjab (PB)
Gurdaspur,Gurdaspur,"2,299,026","3,542",649,Punjab (PB)
Hoshiarpur,Hoshiarpur,"1,582,793","3,397",466,Punjab (PB)
Jalandhar,Jalandhar,"2,181,753","2,625",831,Punjab (PB)
Kapurthala,Kapurthala,"817,668","1,646",501,Punjab (PB)
Ludhiana,Ludhiana,"3,487,882","3,744",975,Punjab (PB)
Mansa,Mansa,"768,808","2,174",350,Punjab (PB)
Moga,Moga,"992,289","2,235",444,Punjab (PB)
Sri Muktsar Sahib,Sri Muktsar Sahib,"902,702","2,596",348,Punjab (PB)
Pathankot,Pathankot,"626,154",929,674,Punjab (PB)
Patiala,Patiala,"2,892,282","3,175",596,Punjab (PB)
Rupnagar,Rupnagar,"683,349","1,400",488,Punjab (PB)
Sahibzada Ajit Singh Nagar,Mohali,"986,147","1,188",830,Punjab (PB)
Sangrur,Sangrur,"1,654,408","3,685",449,Punjab (PB)
Shahid Bhagat Singh Nagar,Nawanshahr,"614,362","1,283",479,Punjab (PB)
Tarn Taran,Tarn Taran Sahib,"1,120,070","2,414",464,Punjab (PB)
Ajmer,Ajmer,"2,584,913","8,481",305,Rajasthan (RJ)
Alwar,Alwar,"3,671,999","8,380",438,Rajasthan (RJ)
Bikaner,Bikaner,"2,367,745","27,244",78,Rajasthan (RJ)
Barmer,Barmer,"2,604,453","28,387",92,Rajasthan (RJ)
Banswara,Banswara,"1,798,194","5,037",399,Rajasthan (RJ)
Bharatpur,Bharatpur,"2,549,121","5,066",503,Rajasthan (RJ)
Baran,Baran,"1,223,921","6,955",175,Rajasthan (RJ)
Bundi,Bundi,"1,113,725","5,550",193,Rajasthan (RJ)
Bhilwara,Bhilwara,"2,410,459","10,455",230,Rajasthan (RJ)
Churu,Churu,"2,041,172","16,830",148,Rajasthan (RJ)
Chittorgarh,Chittorgarh,"1,544,392","10,856",193,Rajasthan (RJ)
Dausa,Dausa,"1,637,226","3,429",476,Rajasthan (RJ)
Dholpur,Dholpur,"1,207,293","3,084",398,Rajasthan (RJ)
Dungarpur,Dungarpur,"1,388,906","3,771",368,Rajasthan (RJ)
Ganganagar,Ganganagar,"1,969,520","10,990",179,Rajasthan (RJ)
Hanumangarh,Hanumangarh,"1,779,650","9,670",184,Rajasthan (RJ)
Jhunjhunu,Jhunjhunu,"2,139,658","5,928",361,Rajasthan (RJ)
Jalore,Jalore,"1,830,151","10,640",172,Rajasthan (RJ)
Jodhpur,Jodhpur,"3,685,681","22,850",161,Rajasthan (RJ)
Jaipur,Jaipur,"6,663,971","11,152",598,Rajasthan (RJ)
Jaisalmer,Jaisalmer,"672,008","38,401",17,Rajasthan (RJ)
Jhalawar,Jhalawar,"1,411,327","6,219",227,Rajasthan (RJ)
Karauli,Karauli,"1,458,459","5,530",264,Rajasthan (RJ)
Kota,Kota,"1,950,491","5,446",374,Rajasthan (RJ)
Nagaur,Nagaur,"3,309,234","17,718",187,Rajasthan (RJ)
Pali,Pali,"2,038,533","12,387",165,Rajasthan (RJ)
Pratapgarh,Pratapgarh,"868,231","4,112",211,Rajasthan (RJ)
Rajsamand,Rajsamand,"1,158,283","3,853",302,Rajasthan (RJ)
Sikar,Sikar,"2,677,737","7,732",346,Rajasthan (RJ)
Sawai Madhopur,Sawai Madhopur,"1,338,114","4,500",257,Rajasthan (RJ)
Sirohi,Sirohi,"1,037,185","5,136",202,Rajasthan (RJ)
Tonk,Tonk,"1,421,711","7,194",198,Rajasthan (RJ)
Udaipur,Udaipur,"3,067,549","13,430",242,Rajasthan (RJ)
Gangtok district,Gangtok,"281,293",954,295,Sikkim (SK)
Mangan district,Mangan,"43,354","4,226",10,Sikkim (SK)
Namchi district,Namchi,"146,742",750,196,Sikkim (SK)
Geyzing district,Geyzing,"136,299","1,166",117,Sikkim (SK)
,,,,,
,,,,,
Ariyalur,Ariyalur,"752,481","3,208",387,Tamil Nadu (TN)
Chengalpattu,Chengalpattu,"2,556,244","2,945",868,Tamil Nadu (TN)
Chennai,Chennai,"7,100,000",426,"17,000",Tamil Nadu (TN)
Coimbatore,Coimbatore,"3,472,578","7,469",748,Tamil Nadu (TN)
Cuddalore,Cuddalore,"2,600,880","3,999",702,Tamil Nadu (TN)
Dharmapuri,Dharmapuri,"1,502,900","4,532",332,Tamil Nadu (TN)
Dindigul,Dindigul,"2,161,367","6,058",357,Tamil Nadu (TN)
Erode,Erode,"2,259,608","5,714",397,Tamil Nadu (TN)
Kallakurichi,Kallakurichi,"1,370,281","3,520",389,Tamil Nadu (TN)
Kanchipuram,Kanchipuram,"1,166,401","1,656",704,Tamil Nadu (TN)
Kanyakumari,Nagercoil,"1,863,178","1,685","1,106",Tamil Nadu (TN)
Karur,Karur,"1,076,588","2,901",371,Tamil Nadu (TN)
Krishnagiri,Krishnagiri,"1,883,731","5,086",370,Tamil Nadu (TN)
Madurai,Madurai,"3,991,038","3,676",823,Tamil Nadu (TN)
Mayiladuthurai,Mayiladuthurai, –, –, –,Tamil Nadu (TN)
Nagapattinam,Nagapattinam,"1,614,069","2,716",668,Tamil Nadu (TN)
Nilgiris,Ooty,"735,071","2,549",288,Tamil Nadu (TN)
Namakkal,Namakkal,"1,721,179","3,429",506,Tamil Nadu (TN)
Perambalur,Perambalur,"564,511","1,752",323,Tamil Nadu (TN)
Pudukkottai,Pudukkottai,"1,918,725","4,651",348,Tamil Nadu (TN)
Ramanathapuram,Ramanathapuram,"1,337,560","4,123",320,Tamil Nadu (TN)
Ranipet,Ranipet,"1,210,277","2,234",524,Tamil Nadu (TN)
Salem,Salem,"3,480,008","5,245",663,Tamil Nadu (TN)
Sivaganga,Sivaganga,"1,341,250","4,086",324,Tamil Nadu (TN)
Tenkasi,Tenkasi,"14,07,627",2916,483,Tamil Nadu (TN)
Tirupur,Tirupur,"2,471,222","5,106",476,Tamil Nadu (TN)
Tiruchirappalli,Tiruchirappalli,"2,713,858","4,407",602,Tamil Nadu (TN)
Theni,Theni,"1,243,684","3,066",433,Tamil Nadu (TN)
Tirunelveli,Tirunelveli,"1,665,253","3,842",433,Tamil Nadu (TN)
Thanjavur,Thanjavur,"2,402,781","3,397",691,Tamil Nadu (TN)
Thoothukudi,Thoothukudi,"1,738,376","4,594",378,Tamil Nadu (TN)
Tirupattur,Tirupattur,"1,111,812","1,792",620,Tamil Nadu (TN)
Tiruvallur,Tiruvallur,"3,725,697","3,424","1,049",Tamil Nadu (TN)
Tiruvarur,Tiruvarur,"1,268,094","2,377",533,Tamil Nadu (TN)
Tiruvannamalai,Tiruvannaamalai,"2,468,965","6,191",399,Tamil Nadu (TN)
Vellore,Vellore,"1,614,242","2,080",776,Tamil Nadu (TN)
Viluppuram,Viluppuram,"2,093,003","3,725",562,Tamil Nadu (TN)
Virudhunagar,Virudhunagar,"1,943,309","3,446",454,Tamil Nadu (TN)
Adilabad,Adilabad,"708,952","4,185.97",171,Telangana (TS)
Komaram Bheem,Komaram Bheem,"515,835","4,300.16",106,Telangana (TS)
Bhadradri Kothagudem,Kothagudem,"1,304,811","8,951.00",143,Telangana (TS)
Hyderabad,Hyderabad,"3,441,992","4,325.29","18,172",Telangana (TS)
Jagtial,Jagtial,"983,414","3,043.23",407,Telangana (TS)
Jangaon,Jangaon,"582,457","2,187.50",259,Telangana (TS)
Jayashankar Bhupalpally,Bhupalpalle,"712,257","6,361.70",115,Telangana (TS)
Jogulamba Gadwal,Gadwal,"664,971","2,928.00",208,Telangana (TS)
Kamareddy,Kamareddy,"972,625","3,651.00",266,Telangana (TS)
Karimnagar,Karimnagar,"1,016,063","2,379.07",473,Telangana (TS)
Khammam,Khammam,"1,401,639","4,453.00",321,Telangana (TS)
Mahabubabad,Mahabubabad,"770,170","2,876.70",269,Telangana (TS)
Mahbubnagar,Mahbubnagar,"1,318,110","4,037.00",281,Telangana (TS)
Mancherial,Mancherial,"807,037","4,056.36",201,Telangana (TS)
Medak,Medak,"767,428","2,740.89",275,Telangana (TS)
Medchal-Malkajgiri,Shamirpet,"2,542,203","5,005.98","2,251",Telangana (TS)
Mulugu,Mulugu,"2,94,671","3,881",124,Telangana (TS)
Nalgonda,Nalgonda,"1,631,399","2,449.79",227,Telangana (TS)
Narayanpet,Narayanpet,"5,66,874",2336.44,243,Telangana (TS)
Nagarkurnool,Nagarkurnool,"893,308","6,545.00",124,Telangana (TS)
Nirmal,Nirmal,"709,415","3,562.51",185,Telangana (TS)
Nizamabad,Nizamabad,"1,534,428","4,153.00",366,Telangana (TS)
Peddapalli,Peddapalle,"795,332","4,614.74",356,Telangana (TS)
Rajanna Sircilla,Sircilla,"546,121","2,030.89",273,Telangana (TS)
Ranga Reddy,Shamshabad,"2,551,731","1,038.00",486,Telangana (TS)
Sangareddy,Sangareddy,"1,527,628","4,464.87",347,Telangana (TS)
Siddipet,Siddipet,"993,376","3,425.19",279,Telangana (TS)
Suryapet,Suryapet,"1,099,560","3,374.47",305,Telangana (TS)
Vikarabad,Vikarabad,"881,250","3,385.00",274,Telangana (TS)
Wanaparthy,Wanaparthy,"751,553","2,938.00",268,Telangana (TS)
Warangal Urban,Warangal,"1,135,707","1,304.50",826,Telangana (TS)
Warangal Rural,Geesugonda,"716,457","2,175.50",330,Telangana (TS)
Yadadri Bhuvanagiri,Bhongiri,"726,465","3,091.48",239,Telangana (TS)
Dhalai,Ambassa,"377,988","2,400",157,Tripura (TR)
Gomati,"Udaipur, Tripura","4,36,868",1522.8,287,Tripura (TR)
Khowai[8],Khowai,"3,27,391",1005.67,326,Tripura (TR)
North Tripura,Dharmanagar,"4,15,946",1444.5,288,Tripura (TR)
Sepahijala[9],Bishramganj,"4,84,233",1044.78,463,Tripura (TR)
South Tripura,Belonia,"4,33,737",1534.2,283,Tripura (TR)
Unokoti[10],Kailashahar,"2,77,335",591.93,469,Tripura (TR)
West Tripura,Agartala,"9,17,534",942.55,973,Tripura (TR)
Agra,Agra,"4,380,793","4,027","1,084",Uttar Pradesh (UP)
Aligarh,Aligarh,"3,673,849","3,747","1,007",Uttar Pradesh (UP)
Allahabad,Allahabad,"5,959,798","5,481","1,087",Uttar Pradesh (UP)
Ambedkar Nagar,Akbarpur,"2,398,709","2,372","1,021",Uttar Pradesh (UP)
Amethi,Gauriganj,"2,549,935","3,063",830,Uttar Pradesh (UP)
Amroha,Amroha,"1,838,771","2,321",818,Uttar Pradesh (UP)
Auraiya,Auraiya,"1,372,287","2,051",681,Uttar Pradesh (UP)
Azamgarh,Azamgarh,"4,616,509","4,053","1,139",Uttar Pradesh (UP)
Bagpat,Baghpat,"1,302,156","1,345",986,Uttar Pradesh (UP)
Bahraich,Bahraich,"2,384,239","4,926",415,Uttar Pradesh (UP)
Ballia,Ballia,"3,223,642","2,981","1,081",Uttar Pradesh (UP)
Balrampur,Balrampur,"2,149,066","3,349",642,Uttar Pradesh (UP)
Banda,Banda,"1,799,541","4,413",404,Uttar Pradesh (UP)
Barabanki,Barabanki,"3,257,983","3,825",739,Uttar Pradesh (UP)
Bareilly,Bareilly,"4,465,344","4,120","1,084",Uttar Pradesh (UP)
Basti,Basti,"2,461,056","2,687",916,Uttar Pradesh (UP)
Bhadohi,Gyanpur,"1,554,203",960,"1,531",Uttar Pradesh (UP)
Bijnor,Bijnor,"3,683,896","4,561",808,Uttar Pradesh (UP)
Budaun,Budaun,"3,712,738","5,168",718,Uttar Pradesh (UP)
Bulandshahr,Bulandshahr,"3,498,507","3,719",788,Uttar Pradesh (UP)
Chandauli,Chandauli,"1,952,713","2,554",768,Uttar Pradesh (UP)
Chitrakoot,Karwi,"990,626","3,202",315,Uttar Pradesh (UP)
Deoria,Deoria,"3,098,637","2,535","1,220",Uttar Pradesh (UP)
Etah,Etah,"1,761,152","2,456",717,Uttar Pradesh (UP)
Etawah,Etawah,"1,579,160","2,287",683,Uttar Pradesh (UP)
Faizabad,Faizabad,"2,468,371","2,765","1,054",Uttar Pradesh (UP)
Farrukhabad,Fatehgarh,"1,887,577","2,279",865,Uttar Pradesh (UP)
Fatehpur,Fatehpur,"2,632,684","4,152",634,Uttar Pradesh (UP)
Firozabad,Firozabad,"2,496,761","2,361","1,044",Uttar Pradesh (UP)
Gautam Buddh Nagar,Noida,"1,674,714","1,269","1,252",Uttar Pradesh (UP)
Ghaziabad,Ghaziabad,"4,661,452","1,175","3,967",Uttar Pradesh (UP)
Ghazipur,Ghazipur,"3,622,727","3,377","1,072",Uttar Pradesh (UP)
Gonda,Gonda,"3,431,386","4,425",857,Uttar Pradesh (UP)
Gorakhpur,Gorakhpur,"4,436,275","3,325","1,336",Uttar Pradesh (UP)
Hamirpur,Hamirpur,"1,104,021","4,325",268,Uttar Pradesh (UP)
Hapur,Hapur,"1,338,211",660,"2,028",Uttar Pradesh (UP)
Hardoi,Hardoi,"4,091,380","5,986",683,Uttar Pradesh (UP)
Hathras,Hathras,"1,565,678","1,752",851,Uttar Pradesh (UP)
Jalaun,Orai,"1,670,718","4,565",366,Uttar Pradesh (UP)
Jaunpur,Jaunpur,"4,476,072","4,038","1,108",Uttar Pradesh (UP)
Jhansi,Jhansi,"2,000,755","5,024",398,Uttar Pradesh (UP)
Kannauj,Kannauj,"1,658,005","1,993",792,Uttar Pradesh (UP)
Kanpur Dehat,Akbarpur,"1,795,092","3,021",594,Uttar Pradesh (UP)
Kanpur Nagar,Kanpur,"4,572,951","3,156","1,415",Uttar Pradesh (UP)
Kasganj,Kasganj,"1,438,156","1,955",736,Uttar Pradesh (UP)
Kaushambi,Manjhanpur,"1,596,909","1,837",897,Uttar Pradesh (UP)
Kushinagar,Padrauna,"3,560,830","2,909","1,226",Uttar Pradesh (UP)
Lakhimpur Kheri,Lakhimpur,"4,013,634","7,674",523,Uttar Pradesh (UP)
Lalitpur,Lalitpur,"1,218,002","5,039",242,Uttar Pradesh (UP)
Lucknow,Lucknow,"4,588,455","2,528","1,815",Uttar Pradesh (UP)
Maharajganj,Maharajganj,"2,665,292","2,953",903,Uttar Pradesh (UP)
Mahoba,Mahoba,"876,055","2,847",288,Uttar Pradesh (UP)
Mainpuri,Mainpuri,"1,847,194","2,760",670,Uttar Pradesh (UP)
Mathura,Mathura,"2,541,894","3,333",761,Uttar Pradesh (UP)
Mau,Mau,"2,205,170","1,713","1,287",Uttar Pradesh (UP)
Meerut,Meerut,"3,447,405","2,522","1,342",Uttar Pradesh (UP)
Mirzapur,Mirzapur,"2,494,533","4,522",561,Uttar Pradesh (UP)
Moradabad,Moradabad,"4,773,138","3,718","1,284",Uttar Pradesh (UP)
Muzaffarnagar,Muzaffarnagar,"4,138,605","4,008","1,033",Uttar Pradesh (UP)
Pilibhit,Pilibhit,"2,037,225","3,499",567,Uttar Pradesh (UP)
Pratapgarh,Pratapgarh,"3,173,752","3,717",854,Uttar Pradesh (UP)
Raebareli,Raebareli,"3,404,004","4,609",739,Uttar Pradesh (UP)
Rampur,Rampur,"2,335,398","2,367",987,Uttar Pradesh (UP)
Saharanpur,Saharanpur,"3,464,228","3,689",939,Uttar Pradesh (UP)
Sambhal,Sambhal,"2,217,020",2453,890,Uttar Pradesh (UP)
Sant Kabir Nagar,Khalilabad,"1,714,300","1,442","1,014",Uttar Pradesh (UP)
Shahjahanpur,Shahjahanpur,"3,002,376","4,575",673,Uttar Pradesh (UP)
Shamli[11],Shamli,"1,274,815","1,063","1,200",Uttar Pradesh (UP)
Shravasti,Shravasti,"1,114,615","1,948",572,Uttar Pradesh (UP)
Siddharthnagar,Naugarh,"2,553,526","2,751",882,Uttar Pradesh (UP)
Sitapur,Sitapur,"4,474,446","5,743",779,Uttar Pradesh (UP)
Sonbhadra,Robertsganj,"1,862,612","6,788",274,Uttar Pradesh (UP)
Sultanpur,Sultanpur,"3,790,922","4,436",855,Uttar Pradesh (UP)
Unnao,Unnao,"3,110,595","4,561",682,Uttar Pradesh (UP)
Varanasi,Varanasi,"3,682,194","1,535","2,399",Uttar Pradesh (UP)
Almora,Almora,"621,927","3,090",198,Uttarakhand (UK)
Bageshwar,Bageshwar,"259,840","2,310",116,Uttarakhand (UK)
Chamoli,Gopeshwar,"391,114","7,692",49,Uttarakhand (UK)
Champawat,Champawat,"259,315","1,781",147,Uttarakhand (UK)
Dehradun,Dehradun,"1,698,560","3,088",550,Uttarakhand (UK)
Haridwar,Haridwar,"1,927,029","2,360",817,Uttarakhand (UK)
Nainital,Nainital,"955,128","3,853",225,Uttarakhand (UK)
Pauri Garhwal,Pauri,"686,527","5,438",129,Uttarakhand (UK)
Pithoragarh,Pithoragarh,"485,993","7,110",69,Uttarakhand (UK)
Rudraprayag,Rudraprayag,"236,857","1,896",119,Uttarakhand (UK)
Tehri Garhwal,New Tehri,"616,409","4,085",169,Uttarakhand (UK)
Udham Singh Nagar,Rudrapur,"1,648,367","2,912",648,Uttarakhand (UK)
Uttarkashi,Uttarkashi,"329,686","7,951",41,Uttarakhand (UK)
Alipurduar,Alipurduar,"1,700,000","3,383",400,West Bengal (WB)
Bankura,Bankura,"3,596,292","6,882",523,West Bengal (WB)
Paschim Bardhaman,Asansol,"2,882,031","1,603","1,100",West Bengal (WB)
Purba Bardhaman,Bardhaman,"4,835,532","5,433",890,West Bengal (WB)
Birbhum,Suri,"3,502,387","4,545",771,West Bengal (WB)
Cooch Behar,Cooch Behar,"2,822,780","3,387",833,West Bengal (WB)
Dakshin Dinajpur,Balurghat,"1,670,931","2,183",753,West Bengal (WB)
Darjeeling,Darjeeling,"1,842,034","3,149",585,West Bengal (WB)
Hooghly,Chinsurah,"5,520,389","3,149","1,753",West Bengal (WB)
Howrah,Howrah,"4,841,638","1,467","3,300",West Bengal (WB)
Jalpaiguri,Jalpaiguri,"3,869,675","6,227",621,West Bengal (WB)
Jhargram,Jhargram,"1,136,548","3,038",370,West Bengal (WB)
Kalimpong,Kalimpong,"251,642","1,054",239,West Bengal (WB)
Kolkata,Kolkata,"4,486,679",185,"24,252",West Bengal (WB)
Maldah,English Bazar,"3,997,970","3,733","1,071",West Bengal (WB)
Murshidabad,Baharampur,"7,102,430","5,324","1,334",West Bengal (WB)
Nadia,Krishnanagar,"5,168,488","3,927","1,316",West Bengal (WB)
North 24 Parganas,Barasat,"10,082,852","4,094","2,463",West Bengal (WB)
Paschim Medinipur,Midnapore,"5,094,238","9,345","1,076",West Bengal (WB)
Purba Medinipur,Tamluk,"4,417,377","4,736",923,West Bengal (WB)
Purulia,Purulia,"2,927,965","6,259",468,West Bengal (WB)
South 24 Parganas,Alipore,"8,153,176","9,960",819,West Bengal (WB)
Uttar Dinajpur,Raiganj,"3,000,849","3,180",956,West Bengal (WB)
Nicobar,Car Nicobar,"36,842","1,841",20,Andaman and Nicobar (AN)
North and Middle Andaman,Mayabunder,"105,597","3,736",28,Andaman and Nicobar (AN)
South Andaman,Port Blair,"238,142","2,672",89,Andaman and Nicobar (AN)
Chandigarh,Chandigarh,"1,055,450",114,"9,258",Chandigarh (CH)
Daman,Daman,"191,173[18]",72[19],"2,651",Dadra and Nagar Haveli and Daman and Diu (DD)
Diu,Diu,"52,074[20]",39[21],"2,058",Dadra and Nagar Haveli and Daman and Diu (DD)
Dadra and Nagar Haveli,Silvassa,"343,709",491,700,Dadra and Nagar Haveli and Daman and Diu (DD)
Anantnag,Anantnag,"1,070,144",2853,375,Jammu and Kashmir (JK)
Bandipora,Bandipore,"385,099","3,010",128,Jammu and Kashmir (JK)
Baramulla,Baramulla,"1,015,503",3329,305,Jammu and Kashmir (JK)
Badgam,Badgam,"735,753",1406,537,Jammu and Kashmir (JK)
Doda,Doda,"409,576","11,691",79,Jammu and Kashmir (JK)
Ganderbal,Ganderbal,"297,003",258,"1,151",Jammu and Kashmir (JK)
Jammu,Jammu,"1,526,406","3,097",596,Jammu and Kashmir (JK)
Kathua,Kathua,"615,711","2,651",232,Jammu and Kashmir (JK)
Kishtwar,Kishtwar,"230,696",7737,30,Jammu and Kashmir (JK)
Kulgam,Kulgam,"422,786",457,925,Jammu and Kashmir (JK)
Kupwara,Kupwara,"875,564","2,379",368,Jammu and Kashmir (JK)
Poonch,Poonch,"476,820","1,674",285,Jammu and Kashmir (JK)
Pulwama,Pulwama,"570,060","1,398",598,Jammu and Kashmir (JK)
Rajouri,Rajouri,"619,266","2,630",235,Jammu and Kashmir (JK)
Ramban,Ramban,"283,313","1,330",213,Jammu and Kashmir (JK)
Reasi,Reasi,"314,714",1710,184,Jammu and Kashmir (JK)
Samba,Samba,"318,611",913,318,Jammu and Kashmir (JK)
Shopian,Shupiyan,"265,960",312,852,Jammu and Kashmir (JK)
Srinagar,Srinagar,"1,269,751","2,228",703,Jammu and Kashmir (JK)
Udhampur,Udhampur,"555,357","4,550",211,Jammu and Kashmir (JK)
Kargil,Kargil,"143,388","14,036",10,Ladakh (LA)
Leh,Leh,"147,104","45,110",3,Ladakh (LA)
Lakshadweep,Kavaratti,"64,473[22]",30[23],"2,149[24]",Lakshadweep (LD)
Central Delhi,Daryaganj,"582,320",25,"27,730",National Capital Territory of Delhi (DL)
East Delhi,Preet Vihar,"1,709,346",440,"27,132",National Capital Territory of Delhi (DL)
New Delhi,Connaught Place,"142,004",22,"4,057",National Capital Territory of Delhi (DL)
North Delhi,Sadar Bazaar,"887,978",59,"14,557",National Capital Territory of Delhi (DL)
North East Delhi,Seelampur,"2,241,624",52,"36,155",National Capital Territory of Delhi (DL)
North West Delhi,Kanjhawala,"3,656,539",130,"8,254",National Capital Territory of Delhi (DL)
Shahdara,Shahdara, –,59.75, –,National Capital Territory of Delhi (DL)
South Delhi,Saket,"2,731,929",250,"11,060",National Capital Territory of Delhi (DL)
South East Delhi,Defence Colony, –, –, –,National Capital Territory of Delhi (DL)
South West Delhi,Vasant Vihar,"2,292,958",395,"5,446",National Capital Territory of Delhi (DL)
West Delhi,Rajouri Garden,"2,543,243",112,"19,563",National Capital Territory of Delhi (DL)
Karaikal,Karaikal,"200,222[27]",157[28],"1,275[29]",Puducherry (PY)
Mahé,Mahé,"41,816[30]",9[31],"4,646[30]",Puducherry (PY)
Pondicherry,Pondicherry,"950,289[32]",293[33],"3,232[34]",Puducherry (PY)
Yanam,Yanam,"55,626[35]",30[36],"1,854[35]",Puducherry (PY)
